{
  "condition": "minecraft:entity_properties",
  "entity": "this",
  "predicate": {
    "equipment": {
      "mainhand": {
        "items":[
          "minecraft:observer",
          "minecraft:dispenser",
          "minecraft:dropper",
          "minecraft:carved_pumpkin",
          "minecraft:jack_o_lantern",
          "minecraft:furnace",
          "minecraft:blast_furnace",
          "minecraft:smoker",
          "minecraft:chest",
          "minecraft:ender_chest",
          "minecraft:trapped_chest"
        ]
      }
    }
  }
}