{
  "display": {
    "icon": {
      "item": "minecraft:silverfish_spawn_egg",
      "nbt": "{Enchantments:[{}]}"
    },
    "title": {
      "text": "A different turtle"
    },
    "description": {
      "text": "Get a turtle egg"
    },
    "frame": "task",
    "show_toast": false,
    "announce_to_chat": false,
    "hidden": false
  },
  "parent": "tc:root",
  "criteria": {
    "get_egg": {
      "trigger": "minecraft:inventory_changed",
      "conditions": {
        "player": [
          {
            "condition": "minecraft:entity_properties",
            "entity": "this",
            "predicate": {}
          }
        ],
        "items": [
          {
            "items": [
              "minecraft:silverfish_spawn_egg"
            ],
            "nbt": "{tc:\"egg\"}"
          }
        ]
      }
    }
  },
  "requirements": [
    [
      "get_egg"
    ]
  ]
}