{
  "display": {
    "icon": {
      "item": "minecraft:observer"
    },
    "title": {
      "text": "Turtles"
    },
    "description": {
      "text": "Data pack by Ivaynn"
    },
    "background": "minecraft:textures/block/gray_concrete.png",
    "frame": "goal",
    "show_toast": false,
    "announce_to_chat": false,
    "hidden": false
  },
  "criteria": {
    "requirement": {
      "trigger": "minecraft:player_hurt_entity",
      "conditions": {
        "entity": [
          {
            "condition": "minecraft:entity_properties",
            "entity": "this",
            "predicate": {
              "type": "minecraft:llama",
              "nbt": "{Tags:[\"tc.body\"]}"
            }
          }
        ]
      }
    }
  },
  "rewards": {
    "function": "tc:entity/interact/trigger"
  }
}