{
    "type": "minecraft:crafting_shaped",
    "pattern": [
        "###",
        "DOR",
        "###"
    ],
    "key": {
        "#": {
            "item": "minecraft:cobblestone"
        },
        "D": {
            "item": "minecraft:diamond_block"
        },
        "O": {
            "item": "minecraft:observer"
        },
        "R": {
            "item": "minecraft:redstone_block"
        }
    },
    "result": {
        "item": "minecraft:knowledge_book",
        "count": 1
    }
}